JobRole,No,Yes
Healthcare Representative,109.87959183673469,21.120408163265306
Human Resources,43.61632653061225,8.383673469387755
Laboratory Technician,217.24285714285713,41.75714285714286
Manager,85.55510204081632,16.444897959183674
Manufacturing Director,121.62244897959184,23.377551020408163
Research Director,67.10204081632654,12.89795918367347
Research Scientist,244.92244897959185,47.077551020408166
Sales Executive,273.44081632653064,52.559183673469384
Sales Representative,69.61836734693877,13.381632653061224
